Workbook

Sheet Weekly Ratings
B2: Team Weekly Performance Ratings
B3: Rate each teammate 1-100 for each week. Yellow cells are for your input.
B5: Team Member | C5: 46279 | D5: 46286 | E5: 46293 | F5: 46300 | G5: 46307 | H5: 46314 | I5: 46321 | J5: 46328 | K5: 46335 | L5: 46342 | M5: 46349 | N5: 46356 | O5: Average | P5: Trend
B6: Joshua Ta | O6: =IFERROR(AVERAGE(C6:N6),"") | P6: =IF(COUNT(C6:N6)<2,"",INDEX(C6:N6,COUNT(C6:N6))-AVERAGE(OFFSET(C6,0,0,1,COUNT(C6:N6)-1)))
B7: Martin Huerta | O7: =IFERROR(AVERAGE(C7:N7),"") | P7: =IF(COUNT(C7:N7)<2,"",INDEX(C7:N7,COUNT(C7:N7))-AVERAGE(OFFSET(C7,0,0,1,COUNT(C7:N7)-1)))
B8: Jerryn Jose | O8: =IFERROR(AVERAGE(C8:N8),"") | P8: =IF(COUNT(C8:N8)<2,"",INDEX(C8:N8,COUNT(C8:N8))-AVERAGE(OFFSET(C8,0,0,1,COUNT(C8:N8)-1)))
B9: Ethan Tran | O9: =IFERROR(AVERAGE(C9:N9),"") | P9: =IF(COUNT(C9:N9)<2,"",INDEX(C9:N9,COUNT(C9:N9))-AVERAGE(OFFSET(C9,0,0,1,COUNT(C9:N9)-1)))
B10: Austin Tran | O10: =IFERROR(AVERAGE(C10:N10),"") | P10: =IF(COUNT(C10:N10)<2,"",INDEX(C10:N10,COUNT(C10:N10))-AVERAGE(OFFSET(C10,0,0,1,COUNT(C10:N10)-1)))
B13: How to use this sheet:
B14: • Yellow cells = enter a rating 1-100 for that teammate for that week.
B15: • Leave a week blank if not yet rated — Average/Trend ignore blanks.
B16: • Row 1 (Alex Rivera) is a filled-in example — replace with real names.
B17: • Add more rows by copying the formatting/formulas down.
B18: • See the Summary tab for team-wide views, and Rating Log for notes per rating.

Sheet Summary
B2: Team Performance Summary
B3: Pulls automatically from the Weekly Ratings tab.
B5: Team Member | C5: Average Rating | D5: Latest Week Rating | E5: Trend
B6: =IF('Weekly Ratings'!B6="","",'Weekly Ratings'!B6) -> Joshua Ta | C6: ='Weekly Ratings'!O6 | D6: {=IF(COUNT('Weekly Ratings'!C6:N6)=0,"",INDEX('Weekly Ratings'!C6:N6,COUNT('Weekly Ratings'!C6:N6)))} | E6: ='Weekly Ratings'!P6
B7: =IF('Weekly Ratings'!B7="","",'Weekly Ratings'!B7) -> Martin Huerta | C7: ='Weekly Ratings'!O7 | D7: {=IF(COUNT('Weekly Ratings'!C7:N7)=0,"",INDEX('Weekly Ratings'!C7:N7,COUNT('Weekly Ratings'!C7:N7)))} | E7: ='Weekly Ratings'!P7
B8: =IF('Weekly Ratings'!B8="","",'Weekly Ratings'!B8) -> Jerryn Jose | C8: ='Weekly Ratings'!O8 | D8: {=IF(COUNT('Weekly Ratings'!C8:N8)=0,"",INDEX('Weekly Ratings'!C8:N8,COUNT('Weekly Ratings'!C8:N8)))} | E8: ='Weekly Ratings'!P8
B9: =IF('Weekly Ratings'!B9="","",'Weekly Ratings'!B9) -> Ethan Tran | C9: ='Weekly Ratings'!O9 | D9: {=IF(COUNT('Weekly Ratings'!C9:N9)=0,"",INDEX('Weekly Ratings'!C9:N9,COUNT('Weekly Ratings'!C9:N9)))} | E9: ='Weekly Ratings'!P9
B10: =IF('Weekly Ratings'!B10="","",'Weekly Ratings'!B10) -> Austin Tran | C10: ='Weekly Ratings'!O10 | D10: {=IF(COUNT('Weekly Ratings'!C10:N10)=0,"",INDEX('Weekly Ratings'!C10:N10,COUNT('Weekly Ratings'!C10:N10)))} | E10: ='Weekly Ratings'!P10
B11: =IF(#REF!="","",#REF!) -> #REF! | C11: =#REF! -> #REF! | D11: {=IF(COUNT(#REF!)=0,"",INDEX(#REF!,COUNT(#REF!)))} | E11: =#REF! -> #REF!
B14: Team Average: | C14: =IFERROR(AVERAGE(C6:C11),"")
B15: Top Performer (avg): | C15: {=IFERROR(INDEX(B6:B11,MATCH(MAX(C6:C11),C6:C11,0)),"")}
B16: Needs Attention (avg): | C16: {=IFERROR(INDEX(B6:B11,MATCH(MIN(C6:C11),C6:C11,0)),"")}

Sheet Rating Log
B2: Weekly Rating Log
B3: One row per teammate per week — use this if you want notes behind each score.
B5: Week Of | C5: Team Member | D5: Rating (1-100) | E5: Category | F5: Notes / Justification
B6: 46279 | C6: Alex Rivera (example) | D6: 88 | E6: Delivery | F6: Shipped the API refactor a day early, helped onboard new hire.
